month,AAPL,AMZN,CAT,JNJ,JPM,KO,MSFT,NVDA,V,XOM,EEM,EFA,IWM,QQQ,SPY,TLT,VNQ,XLE,XLK,XLV
2015-01-01,0.0,0.0,0.0,0.0,0.0,0.0,0.0,0.0,0.0,0.0,0.0,0.0,0.0,0.0,0.0,0.0,0.0,0.0,0.0,0.0
2015-02-01,0.0,0.0,0.0,0.0,0.0,0.0,0.0,0.0,0.0,0.0,0.0,0.0,0.0,0.0,0.0,0.0,0.0,0.0,0.0,0.0
2015-03-01,0.0,0.0,0.0,0.0,0.0,0.0,0.0,0.0,0.0,0.0,0.0,0.0,0.0,0.0,0.0,0.0,0.0,0.0,0.0,0.0
2015-04-01,0.0,0.0,0.0,0.0,0.0,0.0,0.0,0.0,0.0,0.0,0.0,0.0,0.0,0.0,0.0,0.0,0.0,0.0,0.0,0.0
2015-05-01,0.0,0.0,0.0,0.0,0.0,0.0,0.0,0.0,0.0,0.0,0.0,0.0,0.0,0.0,0.0,0.0,0.0,0.0,0.0,0.0
2015-06-01,0.0,0.0,0.0,0.0,0.0,0.0,0.0,0.0,0.0,0.0,0.0,0.0,0.0,0.0,0.0,0.0,0.0,0.0,0.0,0.0
2015-07-01,0.025820146647415016,0.06045350090474575,-0.00828268537096255,-0.008924629733139714,0.01779950357157219,-0.008541224877046524,-0.0012576097571721512,0.004469865670926387,0.0036044310734642537,-0.015031495975082779,0.005621495829901828,0.011149126296212675,0.009091472846805634,0.007934776496215878,0.0022946050004279037,-0.010512450561255252,-0.01249064485217218,-0.006108199203315345,0.00288884182444199,0.014805587162787922
2015-08-01,0.017427727840424727,0.08540479529625887,-0.01630203963505672,-0.0036186974499916908,0.017824429454936945,-0.0005842421375658839,0.007173168515173023,0.002694739375666555,0.02051322426731071,-0.019735063146029432,-0.00419581143528699,0.012458931436326117,0.006215626994337864,0.013312354922921583,0.005193829836706417,-0.0025165094589042164,-0.002462710409526947,-0.01622175860151844,0.006547872621656713,0.01691542472097404
2015-09-01,0.006974755113570985,0.06930627286640162,-0.01774578911377056,-0.0100407440836483,0.007515971924397943,-0.005866615889165802,-0.0014671045162656243,0.01880260800334961,0.011439908823305103,-0.022422236770481732,-0.014716577937510689,0.0016201843198635352,-0.002450072330281966,0.0031176779183310077,-0.0030741516414627135,-0.0030638048899307435,-0.010018780017362755,-0.019508977458728052,-0.0011694202718760677,0.0048453597236242235
2015-10-01,0.0037757389907414,0.061388933616688006,-0.03187962299707549,-0.009669975734933481,0.0012552883796919964,-0.0019719150688442357,0.0005851677276384163,0.02743904680039709,0.0076130865332849134,-0.021245184514721942,-0.01656183494503247,-0.0034697077055797004,-0.007662687914502309,0.0003187310968347666,-0.005567704980983456,-0.0005379344555926924,-0.005505834108324923,-0.025333912869488915,-0.0025637017353436547,-0.00202953201466601
2015-11-01,0.011739035796021157,0.07752240572432145,-0.015769818360415855,-0.0004758579040983979,0.007269846898139665,0.0037836311763204456,0.019460258787643382,0.039786438345856746,0.018221287502849848,-0.007836240224385815,-0.00852979915705474,0.0034892601355902665,-0.0012736815968980909,0.011656764142234554,0.0034950278204105454,-0.0008929846860733726,0.0008032720825812412,-0.011640407807909514,0.008199003189868237,0.005888930170947515
2015-12-01,0.010144204791232377,0.07612496468752644,-0.014759653842436604,0.00042790327036979945,0.01004719094564599,0.004720892960227849,0.021276953203160507,0.04729020809329416,0.018406880087219638,-0.007528337807818899,-0.01004858354824559,0.0024877681829591695,0.0018056757007388522,0.011150534087384695,0.0035095784600804366,-0.001600651821224839,0.00016126917100636992,-0.010595553964800134,0.008099250736419624,0.005060476296722036
2016-01-01,0.00011317415304190614,0.0711713518488878,-0.018909376474375728,0.0016104635196441768,0.008397606476948307,0.004992240367635191,0.02123646394447388,0.04660700931288931,0.01533311650767366,-0.01068698385853765,-0.012394416342716088,0.0003372077664853164,-0.0025367781031972922,0.008892360642715619,0.0017769015455945114,-0.0017148607117821735,0.001673669653016352,-0.018476718826524158,0.005690041379031267,0.006074502550708266
2016-02-01,-0.012125205714526022,0.047784121287767926,-0.014760381316957153,0.006498029901341527,0.011475194254371804,0.006832866602307447,0.03198516019305858,0.041178099630607624,0.015223891738204534,-0.005937342610854139,-0.01712559251008063,-0.005141258448944881,-0.007421491892638632,0.004623143245598306,5.38455279833853e-05,-0.004244156191730815,-0.005578818346866419,-0.017221380184434615,0.005362729942154661,-0.0011351041762706626
2016-03-01,-0.02063055150387491,0.03686476524889748,-0.010503125469731847,0.005151425842153566,-0.0035803353522926664,0.0029291784830665357,0.01840934896068654,0.03461068048821484,0.0075117607988294715,-0.004399553085775665,-0.021480447290912207,-0.013201540275620594,-0.01256298230683812,-0.0026984301494201355,-0.004698731438434041,0.0034427650860332872,-0.002820031227050046,-0.02338241863216564,-0.0018453651057461033,-0.005008962010631825
2016-04-01,-0.007415333306373913,0.044833451209553926,0.003263228875285351,0.009072410068984932,0.0016936607839766287,0.014571940185390514,0.03159627875809385,0.050226026774625815,0.01519023843077344,0.002508931586944485,-0.009431237770259301,-0.006525960567336518,-0.007360098194248034,0.00497790434905529,0.0022155394251605343,0.0024548217878862613,0.004457863880186486,-0.013948069805099836,0.00836903153697588,-0.0032866556810299354
2016-05-01,-0.01955762002775127,0.042965261806318274,-0.0025095242942994958,0.013220383915074315,0.0036876908169810965,0.01169516921600187,0.007153751581598662,0.044935618032438535,0.015202934246253871,0.004980536897417509,-0.014801216624907354,-0.0077132172338804,-0.003829120605189048,0.0007202952066337198,0.0017245197025499703,0.0046953537730745525,0.007371708815347933,-0.011872629258658738,0.0018873961710771474,9.26830726968401e-05
2016-06-01,-0.017354821273935034,0.04947808543625103,-0.00659952744491026,0.012869035170859725,0.003097469769499798,0.010501306650887748,0.01553135672931158,0.07134383350619408,0.01371804963283992,0.007667963025002379,-0.014458224919886964,-0.007947393899253382,-0.003825748585809289,0.0024882719576856485,0.0020707818227602057,0.007343576370420046,0.009497505663003614,-0.00832649020096606,0.004415895393320574,-0.0017981735643789187
2016-07-01,-0.01780751406596809,0.04770787411993494,-0.002318554254585261,0.021466303444773415,-0.00340708248451276,0.015376059975135062,0.0174732891206049,0.07946770691758688,0.010539003511090134,0.014042639029721951,-0.008216588954152356,-0.007365053367574019,-0.004492703271738026,0.002659987189809467,0.004053113872196294,0.016515348354842623,0.0191617340234805,-0.0031563307422984945,0.0066951147715113846,-0.0007138527290714847
2016-08-01,-0.007558372665402759,0.033144599525096324,0.011565710327779663,0.02181481088196538,-0.001782973251013259,0.008321013144130482,0.021633492816510613,0.09801697029902669,0.004734527496173729,0.013780794501658644,0.001528483864048552,-0.005743991511776274,0.001322993180433311,0.004820890290472381,0.005209952968471136,0.0144791329904884,0.017905470580133493,0.0022020315992096937,0.010237991919828724,0.0008772889152264448
2016-09-01,-7.103279307603867e-05,0.037896533780915176,0.01307109048826166,0.023008044132297383,0.008202477748619782,0.011509265145257344,0.0284692595129727,0.09340677333078522,0.012266798408971704,0.016217276344374986,0.009628433278207615,0.0008887062198488505,0.0080688983321352,0.011383009149232154,0.010388909359951173,0.014209220153359015,0.020011248974373785,0.007142873932598891,0.015805991711873368,0.004810496530881854
2016-10-01,0.007205685407339475,0.0454426140467738,0.03208542347484256,0.022721802157442333,0.011148201892671869,0.007610699616392223,0.027255331392507864,0.0951169290795633,0.016037737200792147,0.017336890083376733,0.01433750402246716,0.005685067017328359,0.013077392428679224,0.015067065648316752,0.012520117214289713,0.01131313257762239,0.015934336657384685,0.01621083942444797,0.018700644825315454,0.0091381721400725
2016-11-01,0.0006161542327456915,0.022155863698259753,0.017024012876722394,0.014356210293713497,0.010002909597760123,0.003136268585063412,0.014833804996879965,0.08575159723010596,0.006371690184789142,0.004152272196817408,0.008334461010295086,-0.0016711448326357052,0.004560900759198692,0.004377773729621133,0.003987037024807433,0.008003266795458838,0.0063511391190004445,0.00456216191705137,0.009317490640400578,-0.0027807055393919977
2016-12-01,-0.0007002488973700168,0.012835408804739176,0.029493827785148946,0.010750446713064549,0.01997802832957235,-0.0013968348432435624,0.012585812904365862,0.10035856838825775,-0.000394318736451534,0.009276809864823876,0.006757748075787541,-0.0025283728848468265,0.01106371302040779,0.004233699513542706,0.006752320314905663,0.0018816004936486792,0.0054763700635328165,0.011630168336547703,0.008866271315341928,-0.000792428521467381
2017-01-01,0.016885880325849936,0.010408327459358302,0.023724124255218026,0.019081084712216465,0.023210433688152593,-0.007969372738344851,0.006809774327511328,0.11509648904327803,0.008062318897284568,0.00944598127264146,0.009685752108843754,-0.010863135708593204,0.01564567287728952,0.008523478224982325,0.00590911613832202,0.003254475893868362,0.004972160501144187,0.025464729609831187,0.012341391924756428,0.0008951264958316368
2017-02-01,0.019093804256617122,0.037954993234463726,0.027137334522609004,0.016526314632318247,0.038065114563448035,-0.004068943243978032,0.024480837633124593,0.11745018789197256,0.014427828799014605,-0.0016354868718172141,0.01955590230001452,0.006044987147766643,0.01858830042188361,0.01900774561610758,0.0075518687569112175,0.0008452283931876096,0.011780784438423415,0.02747054975404853,0.018697567065478336,0.008638052173415525
2017-03-01,0.02183693100149304,0.047527766878648806,0.02301904223304547,0.01890927670478086,0.04393619483334623,-0.0039709644939165505,0.026582319600694047,0.10752281863479708,0.02512394365776073,-0.01648122689369253,0.021785716515604386,0.011027583805753832,0.023071154143219766,0.020944992285146846,0.0035337911353813447,0.0012013308480677402,0.007660353460211945,0.029808249797875195,0.025087240633064476,0.010223183029189432
2017-04-01,0.02033071633099501,0.04086240178597398,-0.004950982566849317,0.01532408378170854,0.037205808497458095,-0.007864116754756439,0.012208875457216207,0.10157068888887086,0.02043424454664582,-0.016400555831327757,0.014110620502634553,0.009211995043901128,0.01917445650145893,0.017979646264306065,0.010511737154327593,0.000674918565914201,0.0019232943373166432,0.017365374132285488,0.01889479829187698,0.005528908489484969
2017-05-01,0.0334885987271058,0.03787270831315326,0.012091282553617317,0.010782127042069958,0.03098940201236666,-0.0018594497132911948,0.025244429189658642,0.1270723032888841,0.021633013282142514,-0.023388121615710064,0.01540515186095063,0.01009177763724151,0.02040738861783937,0.01872182902434507,0.015159584923608296,0.003303292715495279,0.007008451331877213,0.012211571437267534,0.023667813662215927,0.003345692216512845
2017-06-01,0.032903518003787546,0.032776478015396564,0.022492887697472756,0.010223636484820123,0.026316370395303674,0.00355006392127885,0.018197459924881046,0.13497252954359745,0.02476916365316415,-0.016937471613838097,0.020833240324841497,0.013620277504994562,0.018067774822255783,0.01777648381091972,0.013913388223808623,0.0037503794026159014,0.006467476058163404,-0.00018580826296390226,0.019659336768791728,0.003788377307699596
2017-07-01,0.03531418100437915,0.031281396991343954,0.017620428812531307,0.008808255899911023,0.04180646030143536,0.00048775510837831965,0.020423428309829413,0.1208963943770145,0.023986500200500492,-0.01439920974792878,0.017380483103494028,0.02237831450640586,0.021534180721473374,0.01984793351162786,0.011136827212433125,-0.0009880342392551604,0.0037890618961284725,-0.0019023205466517173,0.021230157237587744,0.009452400219200298
2017-08-01,0.025528959886879,0.02322546675812413,0.016859371073876386,0.012834265331428223,0.03647647709882838,0.005691956360594205,0.018946889345781225,0.11519849829570775,0.025427447307321858,-0.006163372445817151,0.01788221631260544,0.017286664248514785,0.014272386664705544,0.0187840208297394,0.013578639049857084,-0.0034443904582289915,0.0019529749439176317,-0.014159961129696958,0.019083606371030286,0.00844883771670158
2017-09-01,0.032193358878372526,0.019137845191702273,0.025430141135963747,0.024633492377819973,0.02978379976790718,0.0059696381005805875,0.017693872867695734,0.10987082307894469,0.02547358801409315,-0.007653851091133274,0.019184303900205577,0.01601643930299381,0.012731521484906957,0.01793894374630508,0.013495238932034146,-0.004118655943461878,0.00526163994687481,-0.004434799090835134,0.020567460147587546,0.010847737866515663
2017-10-01,0.0336017987615483,0.009636681675819566,0.02613266993523027,0.014404540417472873,0.03499411627022238,0.006411414792210929,0.020676188905072283,0.08821997618741186,0.022917327565214182,5.8852552608716895e-05,0.017143077087728394,0.01632187481216293,0.01750444703690869,0.015230218454632584,0.013753017659083273,-0.0038238633168112355,0.006826242901740308,0.001003227342376279,0.01965090570602762,0.014232966819706453
2017-11-01,0.03254802332676389,0.028042254194202313,0.04033028495667178,0.028065838599588482,0.03785762941066566,0.009940838899503668,0.024907626816231147,0.09084846150538631,0.028154055377007773,0.006121546321883022,0.020585971895005016,0.019184256442837055,0.020271180645201302,0.020552067937734633,0.014880602945691403,0.00045826532257797693,0.010967282861297003,0.00272976262624409,0.025191334613055977,0.019877783629836342
2017-12-01,0.026219387783508488,0.03784786313924579,0.03254299762922208,0.030044485320910065,0.027805891829154994,0.012286160620338294,0.018840391865446286,0.07313822714590627,0.036154030521738996,-0.0016761096681175878,0.022756047044288297,0.020991561884906498,0.014484272763114724,0.023078276534477724,0.015642781791331616,0.00839636066742825,0.014575210790848937,-0.003245803867607646,0.02636438608043632,0.022369073834712497
2018-01-01,0.031643596265500146,0.038896179620534495,0.04535574168370698,0.030484816713604784,0.01919540416845767,0.011425552249255804,0.02988864944213607,0.05815280399852465,0.03950927923746671,-0.011716133646415971,0.02770472401191946,0.019716304592030044,0.012559386931142369,0.023424600217684773,0.013489203948334843,0.013610332819098262,0.015487986395850788,0.00037493781328256547,0.024819232353560303,0.022550320004549387
2018-02-01,0.021889342923667808,0.05080369462918353,0.04341140674584261,0.023917079578672527,0.025924040913286046,0.012883893143589635,0.03685445639001284,0.07982359914164086,0.033694329136275784,0.001821433996685379,0.02841687180547239,0.021001075571982983,0.01453329564822273,0.02406008999947985,0.018938927196456137,0.007790237637207693,0.006461153713748525,0.0033149385877260513,0.027964730616141204,0.02516879422636755
2018-03-01,0.04192308304165887,0.05237827239684784,0.03889983151171836,0.008887708692153676,0.016797263947159684,0.0046793627271504495,0.03673358994584998,0.09352339239966974,0.02951794809117648,-0.023827015241072724,0.021977516680802923,0.015892057933146884,0.006245304504955217,0.01297029105135142,0.012001676265804185,0.003992416408299395,-0.006770081421622949,-0.006612521689304464,0.02236136384968297,0.014431750914133647
2018-04-01,0.034215651654259674,0.0439310865500446,0.038369170350677634,0.0016461428817566505,0.008062330742041624,0.00346590357722879,0.03284372712170468,0.09036165866250725,0.02567100567830574,-0.015883292011749553,0.019283992835065156,0.007829459091467636,0.0073905751290593985,0.007422477911789996,0.008650579813583715,0.006222023247363516,-0.0010780254511515283,-0.000272218005298199,0.016815139278501957,0.011216266046351196
2018-05-01,0.029125976023149067,0.04798813308561171,0.02925025208725778,-0.0004292482053460016,0.012507017735106978,0.0016111510689499275,0.03058545517688828,0.07183909380509343,0.03824336116754745,-0.013857658012327169,0.0162112686352817,0.003643157572907562,0.010188866924517268,0.0038353100149558957,0.008359121483780605,0.0028767895051314855,-0.00016185442044024893,0.01053266660480668,0.015488634758049555,0.008429445602778515
2018-06-01,0.03385804648246747,0.04453910421188082,0.030582694209739473,-0.009276940593221254,0.01804026460502058,-0.001036643647122684,0.03423278256616752,0.050240043906192,0.03541795123670336,-0.0044267965484161365,0.010694630610980143,0.0015736540683044748,0.016336177202038456,0.004989555079472274,0.00965425950654632,0.0027423910548724046,0.0038366713694910105,0.01634393619381476,0.016916006975146648,0.008038459003520682
2018-07-01,0.01720192478281952,0.05029547929041977,0.023381331498796374,-0.005184851415212871,0.006459971655889593,0.0028799191774065893,0.03983634008149732,0.06676961652776062,0.029535206500413774,-0.005120021192935262,0.006342484292373339,0.002026751587214313,0.014782915074889068,0.00973519809385331,0.006425715801867248,0.001200342350200463,0.0056162203230444106,0.017409183408844956,0.019514103670213705,0.00895137614118762
2018-08-01,0.02213406915096072,0.052798690379955396,0.021302891441577425,0.0045788777572480475,0.02062109080437608,0.00693072969577193,0.03851998306413785,0.04944673803351163,0.027178908706359688,-0.000399645653775065,0.004599706256554997,0.0036970275390826503,0.019531741550278685,0.013033744144146231,0.010794003213269418,0.0007987900832187809,0.005219508250675065,0.015533962132071037,0.018313122379687345,0.012925920615963572
2018-09-01,0.029759408655192388,0.0644065035688516,0.0140781230418714,0.009090867291486424,0.022485503829398,0.0026396900042356796,0.04232727051476422,0.034494528640394484,0.029413212192364487,0.0015232451849656378,-0.0004268277044851761,0.0027871418765514832,0.019853011577119703,0.015168766568785871,0.01262923629838756,-0.0008016991952812099,0.007532735735292969,0.01795685646855262,0.020488895150700372,0.011588456745269206
2018-10-01,0.03561725224412332,0.06401165567579283,0.010295729888475163,0.006566598300539054,0.01967682383097579,0.0036831551626019185,0.04078385171518666,0.04571734508985045,0.026100654523210597,0.00642513504916743,-0.0009952447223932675,0.002233646084182754,0.0008246634670846312,0.008850788804064714,0.01098684756854984,-0.0011815605256620199,0.0053299432705454395,0.003078088228943631,0.01501402685677634,0.009591313349311415
2018-11-01,0.02751367711528055,0.035281725842799976,-0.014742844776725012,0.001334440011029267,0.011870991008223586,0.006886863121561106,0.024242855333745494,0.01904220037870752,0.019113376192269264,-0.001242022040514107,-0.010928252304610855,-0.005587297842311741,-0.007318131257868265,-0.002823387502937676,0.00426676415790092,-0.003496540581755172,0.00388301047888295,-0.00702233834497684,0.0013265188662512448,0.00726914446920158
2018-12-01,0.009083544093440893,0.03515751799481248,-0.010713760097804892,0.009939979499283179,0.014347565557462666,0.012023305421645024,0.027164720953189968,0.0218638972272311,0.020106371443971777,-0.001811032552273435,-0.006595636531733642,-0.005560390428218517,-0.018942602798436434,-0.010941552953061585,0.0054337808692070996,-0.006552586240533646,0.005344166730751498,-0.015995171999522495,-0.005242325877302933,0.010013887515336328
2019-01-01,0.003047304721298355,0.02566936363938989,-0.01943551606401086,-0.0019141466676630093,0.005067886601529009,0.007245679253345642,0.015021458651828913,0.04409103879533684,0.012816624294439156,-0.01565648635746439,-0.012402828765050748,-0.01094211837375119,-0.017005792376977483,-0.010327168047893904,-0.00417250229924339,-0.001637247768308652,-0.0009286315499867793,-0.020617375893956638,-0.005603872548032163,0.007019030140777696
2019-02-01,0.00950972843421916,0.014809237706145204,-0.01733532791294791,0.005202344220906622,-0.002926522139495317,0.0047735363927136724,0.011052267286461713,0.019102408496527605,0.007821280592216436,-0.012602841440452126,-0.010737971799578389,-0.009477316699560867,-0.008609955722110256,-0.009511670180552137,-0.004904107827446222,0.0021862769131449516,0.012469792086360152,-0.01688332193981945,-0.009062459245354574,0.005357616342507528
2019-03-01,0.006594152879874256,0.01027948829889314,-0.011478161550080844,0.0053449800323885615,-0.002303083880197492,0.006151062191107093,0.017412583886800902,0.013608840990308377,0.016991234137203055,0.003244247083655328,-0.0070802032017478755,-0.003266906646930605,-0.00139611743500125,-0.00405427088285351,0.0020791769207265066,0.0034071277102387344,0.019488478197078163,-0.0010112554225554637,0.0018596130884543961,0.008221822110508068
2019-04-01,0.018155499286949733,0.02183388897301954,-0.010816179668026815,0.0032349170713968298,-0.004481478826984646,0.010525127323303015,0.02705869896718115,0.0174325800952185,0.023560233157552995,0.0005832544518892761,-0.006545997584382793,-0.0017368229710568533,-0.0032170717983554527,0.0042579012237726295,0.005072761419467749,0.006297546137006751,0.019712662544059605,0.00027352835728011856,0.009274317407546863,0.01342068817220244
2019-05-01,0.023630181346281833,0.022787156111985556,-0.010293535699668618,0.012413915255275304,0.013456306603197748,0.01491670808722998,0.03096511172244832,0.017549976109919742,0.022208510729895044,-0.012343520143608995,-0.002716772983442886,-0.0006026838023197844,-0.003522467377550559,0.0072007535194838785,0.007807151825083744,0.003878318733206523,0.018852734818006072,-0.00970703385095115,0.011670783363903064,0.005756485904828199
2019-06-01,0.0016756503445227433,0.013066117773093067,-0.024843519342482016,0.00889904271577421,0.004850179753957709,0.01609472400125333,0.020601496635602644,-0.035868135446445064,0.019024831930709647,-0.016586151758911587,-0.00606027203027673,-0.0031478565533612085,-0.01159577471565158,-0.0013545625726713592,-0.0007684661193531695,0.008541140862187756,0.0158845515861172,-0.016199885644802514,0.00227637448444029,0.006503606220861397
2019-07-01,0.011025808456621326,0.014545999464750043,0.003752303924689026,0.010030019679606117,0.013599796668180775,0.018675565248850858,0.0257945425348831,-0.01986361291776065,0.021039978681917954,-0.004093003567008603,0.0031906235005560654,0.0030761731723171802,-0.00601479438236216,0.004007490211888433,0.00591089626380915,0.009783173026427346,0.013662519275476147,-0.00890376854708827,0.009378944920024388,0.009424451792718544
2019-08-01,0.017454503131333437,0.010079639028242753,-0.0037232694685588167,0.0024434692135690546,0.0068021097273217555,0.016254689648312073,0.02168133027367321,-0.0409867080460321,0.02199231510942332,-0.0022407300311511756,-0.002479806101626415,-0.0009489963653617666,-0.006300300276693189,0.0046833487821414605,0.0075930158137259545,0.007946597842759496,0.014595578990326118,-0.010906163507209438,0.011747500600291118,0.0031992754139004076
2019-09-01,-0.0021029254653986956,-0.006815869684673599,-0.005157993203053913,-0.004424936061042826,0.006874010730914875,0.022483580343593462,0.01893492637278109,-0.033798415655263855,0.017123298997530366,-0.005900849925357493,-0.002742140809698092,-0.0006653919623999369,-0.011160023134832948,0.0010102946573118255,0.004106698540943477,0.017691223570097978,0.015556891705033824,-0.016216390436743864,0.0028618649270126927,0.00028192340233652386
2019-10-01,0.0007820070018024258,-0.008261627794696302,-0.008440178219861571,-0.0019282011481925026,0.00448230455038606,0.020275316254004045,0.01701812918507209,-0.06078678867178195,0.009255026125792116,-0.005442703185446776,-0.0020303696099762286,0.0011895491753475369,-0.007010909125570274,0.002456370052548564,0.004670216951366302,0.019333423093783615,0.019357321395778657,-0.014415974008201994,0.00726358934793246,-0.0021619940282678178
2019-11-01,0.016205788048481787,0.01083634020138733,0.017228976052152116,0.005648270568896813,0.009549552454168555,0.015281207942694084,0.027054920410677637,-0.04746664921209155,0.022228113376053755,-0.006804003476473424,0.009004001905313629,0.010790280877958766,0.005998252316280073,0.013406374867119035,0.012258402468517223,0.021803815517316538,0.022677691131958094,-0.00597053788816124,0.018449848497565924,0.008283796876070407
2019-12-01,0.03920626725062108,0.007074156028449958,0.00910798742523566,-0.00234602255001418,0.015996390776514966,0.009010779996553319,0.027992213499625614,-0.011826737150801167,0.02190342933649652,-0.007065275333972517,0.005247304727297635,0.01133059626755423,0.009951933210945113,0.01962778683159928,0.010767374036189437,0.020556862782391088,0.01766799748583654,-0.0028849050129334374,0.02556331308404565,0.005685241249393028
2020-01-01,0.05860446282276451,0.019334067446686958,0.018677225091115017,0.010106837753303366,0.02946214427522913,0.019063040961687355,0.03721276774309299,0.0004899065188048238,0.02989763290778534,0.007699253773402872,0.016150243748389404,0.01824644319069575,0.02219913976336228,0.03082347007056652,0.020435080310294784,0.013524939194418438,0.024912830798861772,0.012563913269539203,0.0369337546217048,0.016341170449124868
2020-02-01,0.05580816282803303,0.015810450021165278,0.005735830396967271,0.018646153560065562,0.025069805572067644,0.018901856902384565,0.04334106781781146,-0.00018924649385229642,0.029370141046212873,-0.006399855324928941,0.0011837482108684118,0.010286121363744101,0.009643131877537355,0.02576939573312292,0.016650877443054678,0.020004012528890315,0.015949007717417703,-0.0071665021550614645,0.03173112766637781,0.010084804590093555
2020-03-01,0.04345231945213405,0.016014710994239408,-0.0003679216308837261,0.0032158436596673333,0.016971100002738753,0.017398761214223665,0.03322570751029218,0.01781660201200614,0.01423061037071452,-0.028537781734236954,-0.00040365380962745483,0.001573734723667724,-0.0035459078398051487,0.016314668144294484,0.006779228584013922,0.019741338382145278,0.009290394438891415,-0.021040614396608637,0.022639010845663755,0.004912497543225748
2020-04-01,0.029614133653795352,0.026613213424762694,-0.00409355713885799,-0.008919590883705062,0.0016128321436455469,-0.00021808200263081606,0.025363647521024255,0.001960306317418531,0.0005491322287987854,-0.05207750463008231,-0.014489398852723167,-0.01090820884022669,-0.019694499498304038,0.0075989882085533075,-0.00570935869355038,0.026322691672948154,-0.010325671184484853,-0.050519190475444994,0.015148375220556825,0.002685675044536647
2020-05-01,0.036179683827336766,0.03450639968364917,-0.005688087369053397,0.008799699178920269,-0.00816542252765733,-0.0011257266585900645,0.02733243548307233,0.007146465579008103,0.001419905001017286,-0.032721966853040435,-0.010276162302755043,-0.008468331947120133,-0.010569974190390559,0.01625540873537172,0.0020119039917638757,0.02744044303282626,-0.0027350935066743696,-0.022406716472193274,0.019038214369617522,0.01473551879975393
2020-06-01,0.055701458389940256,0.033603223127900254,0.008281671921417275,0.013441210743601604,0.002271635246158764,0.00010405738244331547,0.03519571167067328,0.059454094508943386,0.015593084859733982,-0.023239993587271423,-0.001607101654051205,-0.005144714413440385,0.0017219755620187594,0.02904429520242831,0.01132784490411172,0.02187474131967629,-0.0014118149403524122,-0.010659448726490661,0.0330264248876455,0.016540588997812026
2020-07-01,0.05912298586232349,0.029570338899297135,0.0009956652589691792,0.0003781607898255858,-0.0036108275248064765,-0.006290052686015725,0.037582754314361574,0.04770749969658567,0.009977574813424131,-0.03278546614776107,-0.0011651283105270792,-0.0043125060014924605,-0.001008744019101514,0.028523870122594608,0.006095663330480082,0.024347297158685062,-0.0006841559179836506,-0.016840651697970305,0.03208714161720528,0.009361927362622242
2020-08-01,0.0690451716703382,0.04664247754882353,0.006254565609304614,0.007875953567398859,-0.008552852180019206,-0.004470873150619073,0.03707862477087625,0.06091085605453278,0.004031544104676349,-0.035566540024058776,0.007982141669886277,-0.00034685383245876213,0.0012666835061277265,0.03512763358713224,0.011030904102443057,0.02761558435236233,0.0009071240949111721,-0.020849200473833925,0.0347811333372504,0.015414242097546734
2020-09-01,0.0863407414304988,0.0589028587072997,0.019866594625986018,0.01909831621797633,-0.002097705620122979,-0.003901812946366142,0.04429335730682109,0.08337786822167371,0.015394115145984636,-0.034798551108249684,0.013073467146801354,0.005766749317896022,0.008985717672127023,0.0410849941193857,0.018264535196937482,0.01028638121777202,-0.0018901296567409112,-0.01791270480430769,0.04526851918333258,0.018167127864119396
2020-10-01,0.07120549303842572,0.05155477353206944,0.01465019848699008,0.015263815170895844,-0.019226483850821593,-0.0031767147749230127,0.0378711443709178,0.08079830575559466,0.01995374952573474,-0.050835482863898884,0.010996221911303007,0.0017846548285166282,0.004953647676151536,0.03636188833126153,0.013278163493278808,0.012969366980777356,-0.00576028302078372,-0.03465609827042756,0.0384594721859097,0.015024220730153479
2020-11-01,0.054214405509625176,0.04989881764692722,0.015825319164690748,0.00628360017309949,-0.012158475609774955,-0.0056600081592448025,0.032195761143658866,0.07022344532254989,0.011005838543870494,-0.04440280758189419,0.00942700671062527,-0.0037361279847145184,0.005193513173287477,0.029703193793090665,0.010013904072446869,0.014780000792906456,-0.009163228512024078,-0.03609350517531216,0.031528215806350846,0.00992001381805238
2020-12-01,0.05501780112001793,0.050671082470432,0.020333259553880267,0.005013509306468876,7.574137752791165e-05,0.0021572878829109474,0.03213662813041939,0.0750701240750974,0.02042752169951957,-0.028709875635072813,0.01749392081363597,0.007415924405336836,0.016717739618142127,0.034437652985814186,0.016578394457820177,0.013280505843626497,-2.1675942181050272e-05,-0.014538312933287981,0.038022486197472505,0.012240881509873168
2021-01-01,0.05830459812161206,0.05136100806963767,0.020700344257111224,0.006984844131206485,0.002001741175380785,0.0034295823112881403,0.03200248774603786,0.06377739102207886,0.02052364047837642,-0.02470205290092028,0.01687458278453306,0.009213531031084726,0.022196248441416905,0.03691095938009865,0.01650348963316104,0.014105111986354285,0.001592725263682841,-0.01473844804751473,0.03847485918897059,0.012348791784963627
2021-02-01,0.05242851186146748,0.042504447367126795,0.02766410544714648,0.00741557254506948,0.010127331299884693,-0.010410208952168572,0.028944932516706733,0.0629963079565761,0.0005829246074363663,-0.008403802744120687,0.02133627371245148,0.01100489058180438,0.030062694626679626,0.034941390928609206,0.015569822683127682,0.006694681455433818,0.0005932858981132325,0.004881229449634159,0.03809423899748661,0.0156361404480573
2021-03-01,0.0546813286667891,0.04609791929632627,0.04885340408830565,0.01327091318544156,0.03317645067517403,-0.0020570224798313027,0.03311470074935832,0.058994232667912684,0.01942963468302736,0.01838633295443965,0.02607586802229432,0.01940638728613342,0.04322627945344527,0.03978940692823284,0.024529136523678188,-0.0029598266040398906,0.009305402081348856,0.03304695602067559,0.04434559243450631,0.017757624216187904
2021-04-01,0.061290195190107304,0.039568193070900815,0.05651818787507465,0.02007690029374297,0.05399041218507562,0.018979698565825216,0.036654544952393064,0.059482876478847584,0.02483289018204332,0.043761705430387224,0.03934238306948118,0.03330697072114122,0.06115883408864435,0.04719640189690231,0.039690273435651444,-0.011740224728101187,0.029771805498636672,0.057838775914548377,0.04258495765676085,0.022384237347976406
2021-05-01,0.053637113960268684,0.028016314928221986,0.057351737492999794,0.009071920345762055,0.04933002485453726,0.01673735235835659,0.031225217474960723,0.05878096105633212,0.02390316307526421,0.027284389441291978,0.03819301116847855,0.02776521214445534,0.04955327502093963,0.038995793184245814,0.0330850041582176,-0.010572030673812623,0.028834412861463612,0.027483699712989192,0.02822925515217955,0.014545829738422828
2021-06-01,0.04282704433861678,0.02439182223265509,0.059534929917620175,0.013141357874654425,0.052429491246067064,0.018489802603260278,0.029099527815137805,0.052915638287355835,0.014181097901806605,0.02993761622045835,0.03229151622753981,0.03125163656428182,0.043725551652662016,0.03298329432435993,0.02965107203289574,-0.00823772446399422,0.028050807210584564,0.030612045097027488,0.02231249753288248,0.01362935268821339
2021-07-01,0.04029085332032016,0.02183165149011315,0.048275321796103284,0.014054157052783386,0.04873025289285401,0.02217594729473913,0.02681498305515754,0.06882592335371092,0.015405540623613278,0.03964642039496301,0.022171859172072473,0.02441239551955233,0.040131999459154064,0.03330709176795164,0.030020573685011164,-0.009852691122597233,0.028222974732223162,0.030559432774209333,0.021514256764531926,0.019799323028299082
2021-08-01,0.032017731510381627,0.007642595978627641,0.039467589221815966,0.016221464338530122,0.0426073198046694,0.02083800930016971,0.030561466217987256,0.05602402646436305,0.024774167743283924,0.038091927221086994,0.009740219081275014,0.01974955465148183,0.03544221316673014,0.02944677992461684,0.026824413210453316,-0.011757808312314554,0.02885862407517296,0.02619505187406282,0.018737261491332126,0.019764383883201644
2021-09-01,0.01661738852265942,0.005845795167453266,0.034526331201277696,0.01224822765091488,0.043486804716520236,0.01626794237449699,0.026838558135618362,0.05206851825158154,0.0151898165461596,0.03671756918979241,0.010751692644264215,0.017930125728890262,0.033764219238735016,0.02195977685767471,0.023555595063863687,-0.007133330241252645,0.030247141065941063,0.026903207523518217,0.00718976755520738,0.016152649420798304
2021-10-01,0.019525776848386602,0.010322178564548192,0.02273793887714988,0.008967121361976135,0.04947899472502541,0.011114165267675422,0.026677811747634034,0.041349546630897044,0.01773579152052642,0.05478979853477479,0.010451716534137161,0.01827510668743713,0.035309446880666714,0.025047460434387187,0.022955211866583322,-0.00794055278968643,0.02773427434737934,0.050948504655638945,0.009052244946205778,0.015564302799008086
2021-11-01,0.029621192256132686,0.015849883495612383,0.022692231081637405,0.017671530943239977,0.050974831815349335,0.019251636462696193,0.04490567900056619,0.059449566822544535,0.02465094498069314,0.06547283489806667,0.011607795274148238,0.024856179101450108,0.037944007934482986,0.03353163085894108,0.03152408388184171,-0.004422511961627223,0.029416031128890525,0.0607377765861062,0.02128862030780905,0.02084454306844418
2021-12-01,0.029912313949421742,0.01832975682480234,0.010412039243321791,0.008143870715510915,0.02857454286230125,0.006567030444723467,0.039829924322788056,0.08293380037030561,0.0028499480218457116,0.04364895432695813,0.0018923270266310668,0.00978171943493631,0.01809197333479676,0.023032794393912065,0.02275604190013477,-0.0028697798614044107,0.023343656495239996,0.03497095035980384,0.0163763469123931,0.01568411018923032
2022-01-01,0.027834580117969427,0.008498814609152782,0.013023803057191611,0.010124220257127413,0.021980521709743652,0.012727270340245409,0.037644299618714315,0.08263344916095089,0.005255757808606697,0.04052416909389692,-0.0022971821556916966,0.009662950008370587,0.013241884020412343,0.019060232895708316,0.021396633215963287,-0.0030890600751182383,0.02952956260718279,0.037939924530369866,0.011802058336061983,0.01822322833049732
2022-02-01,0.02616512328637687,-0.0022307280969932402,0.010604380984007726,0.00905566148191617,0.015952466972281854,0.02788459007773262,0.027545585146214056,0.0698147205992676,0.018256006302071113,0.054022992038961215,-0.0046540459490525396,0.007531758704005748,-0.0002887362159712046,0.008889478408097784,0.01627685134615048,-0.0031198757502577455,0.022699064311990282,0.05117178392088834,0.006089927162070352,0.010927160882074077
2022-03-01,0.028133721030248655,0.0024309413739384625,-0.010236296383782137,0.007235434343896634,-0.000451038295077264,0.02573581327092103,0.024661233855395235,0.06332578858482657,0.003276928978640973,0.03808707522438712,-0.008724664889335931,0.0029758591056334117,-0.0059850987717031245,0.005585952930335802,0.012384109930141154,-0.001000826777450192,0.017098785493666377,0.039651586408306495,0.008201149629094146,0.013431783484459383
2022-04-01,0.032035090651223744,0.011925666548598956,0.000537792204270669,0.010924501678801662,-0.008062861367791416,0.01923824215028307,0.025215698359417445,0.0818356584467266,0.005683327464226913,0.04073002160661097,-0.010846855407389961,0.0013824277526281322,-0.007350855877087191,0.007346617552738976,0.010065779974303593,-0.005467550954823495,0.018106704168092347,0.044583758582936416,0.013112321633670446,0.015258934531452576
2022-05-01,0.017068009078719165,-0.016389697491833388,-0.003183821226193817,0.012487974359431915,-0.017320461052789515,0.01897765329617655,0.010449990492669238,0.04621687536705922,-0.0032470853197855793,0.04107307209893801,-0.016876294151858002,-0.006618094583124564,-0.017154081343959755,-0.010360708882256767,-0.0022447243706143986,-0.016851739509372785,0.008190824906863958,0.04212742491814065,-0.000338373796927886,0.007947544982314573
2022-06-01,0.016504369194318778,-0.01813122746014909,-0.00498827729383891,0.008161313987136466,-0.0139774810795431,0.013617941341337958,0.007385965417965391,0.03819391899755635,-0.00037431701254073265,0.04910254366788858,-0.0177258000209508,-0.007871129252614018,-0.016299258696968116,-0.007359842885981421,-0.004118710041575097,-0.014662428355504391,0.003618288686499137,0.05064759540088977,0.0004279428461088264,0.007673627562655097
2022-07-01,0.0016001859991218023,-0.03142459062920302,-0.010266326010036905,0.009181357429066466,-0.02147565230335664,0.015729529379151282,-0.0026388960429426763,0.004761812141003414,-0.008644603623558782,0.03466369094393247,-0.020320689592885945,-0.014223421354661023,-0.025318326727108775,-0.01771413137538444,-0.010976638979607257,-0.01752879145341274,-0.003427573123677542,0.032931908057377675,-0.009878968600824514,0.003762261467276454
2022-08-01,0.011234155267825424,-0.006457774646272712,0.0047335357358436895,0.004844780087330286,-0.01764557228774863,0.012990019508460023,-3.614288024926266e-05,0.023938850838819824,-0.004005293712371843,0.05284549403256941,-0.016364295787300906,-0.010586521644845326,-0.013264172523598766,-0.011262925649716801,-0.005151770849165176,-0.016452667360646326,-0.003148720862046194,0.04785846942727773,-0.002338972561782915,0.0025027227398454525
2022-09-01,0.0032068039760659917,-0.011047973482415678,-0.004391901450173908,-0.0016225965324767493,-0.023148489007824836,0.010453692805116786,-0.011315294695397812,-0.009553622717989983,-0.0023981592672401436,0.055861543088357564,-0.01941394637294642,-0.014025446649213026,-0.014868269723026968,-0.020810465929563357,-0.013175873698784783,-0.018957043321696294,-0.01151724760107057,0.051980997064076606,-0.010447495338884514,-0.004202940915167953
2022-10-01,-0.00028870150110365525,-0.020635848315601817,-0.007048664477174875,0.004613279735153385,-0.030764802115772732,0.009487182065806128,-0.01609763780614954,-0.01845073599762244,-0.007811213903791709,0.042190632960509795,-0.02613620732394661,-0.018962538241533877,-0.02010330282606731,-0.02325110859949013,-0.01473873807314211,-0.02497518425403945,-0.014449667222569846,0.0361964494662464,-0.014694354356464892,-0.0018058483071011445
2022-11-01,0.0022462074960605738,-0.033869064836828666,0.014974025330372296,0.007569771829205858,-0.015519365133808166,0.007168496474975266,-0.029057431512636848,-0.028541701356774172,0.012652817399384408,0.055678732698919056,-0.028767715664712378,-0.017493814592189978,-0.015054585795850388,-0.024647241322065427,-0.013346238485557483,-0.03200722515838108,-0.0205243276562865,0.04785492168995636,-0.014728976975583381,0.0019463043252417997
2022-12-01,-0.012625025281001345,-0.04861706466808268,0.026875154328544468,0.012455413581233999,-0.003354528549681102,0.019329914318349784,-0.02180422710999722,-0.03142312406884223,0.02139504809999748,0.06167450039290295,-0.01254608743071319,-0.0034186345737419422,-0.007721342353673945,-0.022279065255103755,-0.010107709406711579,-0.02832669396406457,-0.019207092128656574,0.053677153270997,-0.015030858025790109,0.008498974046046777
2023-01-01,-0.025889885084995165,-0.04280727289190941,0.022280692583376716,0.0071196505990708085,-0.006216493835453943,0.008872080855221284,-0.028961964489754577,-0.03362773233320089,0.0010546780913722232,0.05931445593277886,-0.01604901243015763,-0.00896713863588444,-0.016236873140109572,-0.031689582106221754,-0.01688478799121476,-0.028791660537333452,-0.023132504245258454,0.04866496121098772,-0.02351424605865136,-0.000669899193523752
2023-02-01,-0.015354580784031117,-0.021047464447612928,0.028528808711271357,0.0002890511076514932,0.001382242590359728,0.005041750270110192,-0.018636717143131296,-0.00010857107912945669,0.008749059270740225,0.044079293566587185,-0.008541913053678879,0.0012431437292013319,-0.0017228540646578698,-0.01520201521580999,-0.007883539551276901,-0.01915816235946486,-0.00721127092590064,0.0352066914380315,-0.008926854781852586,0.0035619977292537033
2023-03-01,-0.0065310750667630785,-0.030699630348620797,0.029611758047853206,-0.003408538915603765,0.008285609732111014,9.746354848572071e-05,-0.014365010494344375,0.014107449901749648,0.006204978259951284,0.03645242759704632,-0.01128153194001666,0.0013506560925467777,-0.0010844092930880683,-0.010626392842549555,-0.006353708970841479,-0.02266401263502792,-0.00904162111517114,0.024056108902823472,-0.004983461877840328,0.0006374671422321221
2023-04-01,-0.0001928728937126774,-0.027671174742790235,0.010286230600770985,-0.008343185174877935,0.00353686708247263,0.005109755866399969,-0.0024700333726506278,0.021455344630702734,-0.0014572233602019946,0.031935577103101895,-0.005823195215119771,0.003399386111942215,-0.008590205272450135,-0.00717496359056943,-0.0064292951086292295,-0.017017719064280616,-0.016172886241855092,0.017599307664515465,0.00025182639481059434,-0.002501510700043699
2023-05-01,0.010451247514120087,-0.006636627937209615,0.01156222682204282,-0.005766697779345475,0.021779486901822097,0.0032079194501349463,0.011644174569184637,0.04668563579441861,0.007916435805685466,0.036362889266835244,-0.0014450486062729162,0.011351458283319772,0.0017182485618249133,0.0046785343942650015,0.0024192894247443255,-0.012263769741295068,-0.012410341949736739,0.020149736374189074,0.008682101423915064,0.0041702302954954576
2023-06-01,0.020326214862155495,0.008406248593513936,0.003983499290166051,-0.01018644182943746,0.010886209181352063,-0.0011031127717294248,0.019062934077874835,0.07768953309250745,0.001805572074303055,0.014363274351770065,-0.003957056857518057,0.006300108984086693,0.002415263715070829,0.012651900717744009,0.0032908304361875438,-0.014306720517499087,-0.011953806300028307,-0.0023066926265280464,0.01708643362908891,-0.000343548414418867
2023-07-01,0.03577975410654702,0.02481916808167917,0.034621906499662375,-0.0035546336713689706,0.027441704236652445,0.0014611198646996186,0.027358198340085738,0.10279153921074065,0.0073555848648183975,0.027335503330585088,0.004018501421475417,0.017293798136526897,0.017067590306919244,0.026284409030106936,0.01609635133563818,-0.011879693108169333,-0.0010984174591008272,0.017908385784675206,0.032017311820672335,0.005848806986464922
2023-08-01,0.020988586394253224,0.004865622729445014,0.030382363263520507,-0.0009947231346283958,0.03196458769537529,0.0015425427824500362,0.0187245116873816,0.09365994949391848,0.005191304271326051,0.01647111963943536,0.00885573535526849,0.015193790968857236,0.011867411099446366,0.019613507143307573,0.010569252803670718,-0.016966006380563288,-0.006615493545298524,0.01636901168521938,0.02416923528685071,0.0035694722499816966
2023-09-01,0.01920781901350968,0.01274364290546448,0.04174603529785119,0.00262033429663064,0.028311329072632212,0.0012993299854130844,0.022380711909552972,0.11303580512831762,0.010863306654082793,0.02160884676354344,0.002993570906605183,0.016977196584708552,0.006666119915873577,0.02189060459277798,0.012151631691969252,-0.01881515944301663,-0.004322471252799006,0.01551153091044263,0.026022113428564867,0.007991090411431123
2023-10-01,0.02123768548044045,0.01517682204721543,0.05011659439728555,-0.0031426274769924714,0.03144154530696758,0.0038528579561890354,0.028402635590597112,0.12163383035984567,0.014475982324549488,0.03181606682456201,0.005543239879063134,0.021595528143371855,0.00974166175680413,0.02715828505209378,0.016383497276044857,-0.017515619019712193,0.001739141310934189,0.02546787727369673,0.030165253013403535,0.007336248407072988
2023-11-01,0.012049333058218533,0.02676307982003558,0.008925590394838426,-0.012353372936008147,0.009080230886565597,-0.0014717841067778265,0.03475492330241843,0.10568062731461896,0.006422307986209834,0.000945961272892317,0.00816575966006516,0.014277832726824619,-0.007483759232917896,0.023347790509815645,0.009042524640313342,-0.01658001619071051,-0.0071740525943208115,-0.00016086288351717436,0.02333781350487119,-0.0036933887415574306
2023-12-01,0.0246783932623691,0.03977528503421141,0.00977839419406265,-0.010653218914261927,0.01303953578257908,-0.003706290582963302,0.03631546896492644,0.09606106730114657,0.010579110965560027,-0.0017440121368645389,0.0006571398301694225,0.010157293223306541,-0.0004174519687064599,0.028508879466719213,0.01181972312229448,-0.009636581157928668,-0.002233115245687868,-0.0017813580470415955,0.030196209902525705,-0.0028654626660583387
2024-01-01,0.03548083460754715,0.053899487839610294,0.023634986502147008,-0.00895955465202365,0.022617950195050383,-0.002978716471336547,0.040562826382440194,0.11283380179557721,0.014297808326066187,-0.0032126984196957213,0.002761454184406503,0.01611638451802398,0.015419871443452457,0.039228204511457,0.02014124359911666,0.0018196669799332241,0.010862154279781098,0.0008077700497320574,0.0402055940381826,0.002337998508326406
2024-02-01,0.022524906057968315,0.03666402274051461,0.018208357500935975,-0.0013040118586206205,0.022113819785021145,0.001187243489369362,0.04217726181213514,0.10444888565134797,0.009920551047999035,-0.005184471682766923,-0.005316108306945309,0.008237045101119386,0.002120012412109024,0.032355506267046266,0.015834269870399795,-0.0036192160655169996,-0.0017856222959441695,-0.0019437250076888963,0.03462389895638541,0.006388080660252127
2024-03-01,0.01856357435433794,0.055374343344252897,0.032414305938031324,0.005374114612167205,0.025847411111591907,0.00444471929046288,0.04453082374703172,0.11215539813975128,0.01475920978935571,0.0009239381519355828,0.005328778507363369,0.013289281670239952,0.00948475530494652,0.03677595474079758,0.023278412463769833,-0.005951827916235912,0.0051515048343158286,0.006362002299785836,0.036572811360773644,0.012811236363286798
2024-04-01,0.004023679921202172,0.04844386711916534,0.04430685282873791,0.0023069096686501125,0.04035985096309631,0.0031051439923154324,0.033974450384564335,0.10850971449755659,0.006478632918418345,0.01060291022205692,0.005316214766703693,0.01348190588035671,0.015511346502818602,0.02985828080428163,0.021553203930377483,-0.013479031739917678,0.010086020402677223,0.015085659776429804,0.029444671607216578,0.013128598732336294
2024-05-01,0.0024563993865870637,0.04341787807939005,0.042020293292023655,-0.008991462724824682,0.03064751339917143,0.0012285652769516524,0.02250607440164387,0.10287800319521268,0.005542214694558607,0.005170544492599689,0.00460560462554827,0.0022836793260767544,0.011541656057793722,0.02630706716903887,0.01759326195394766,-0.015675200801896338,0.0013059856877969097,0.012168397004257505,0.02694787533352281,0.0060728708917166295
2024-06-01,0.010557239090759006,0.03469034192022763,0.04762226708402023,-0.0028717348315804828,0.037447600399956905,0.008931170984537678,0.022422675795889954,0.09538189869223543,0.017066701561554397,0.015802361989339996,0.009067977997961635,0.011776921222401381,0.015139873533295174,0.02403720035237191,0.021273513040809773,-0.01020428809308482,0.009123688253705072,0.020349033291737005,0.02396674570750562,0.0119010267217949
2024-07-01,0.011729417551510362,0.034788416682504354,0.03080912083619321,-0.008502213518490872,0.028772602921087593,0.010644461649799125,0.024428832339439325,0.09601938823033589,0.011506783900475223,0.00983755066756308,0.007866899525258897,0.007941131535846253,0.010250353931656988,0.024265576352937128,0.019180799796467626,-0.010343959338781529,0.009090850162713797,0.013698181341663788,0.02489163982660399,0.00963460566981751
2024-08-01,0.0149816086071721,0.02908747947381684,0.02724446566591918,-0.00362452144122134,0.027412667023095923,0.01349930749182901,0.01923257315891255,0.08438483820472654,0.012943443496363352,0.012090918566761843,0.004480893681877746,0.008793831188972485,0.014088849980868554,0.019178640405556953,0.016920918595151366,-0.0061097197498653005,0.01287142169077466,0.008805437385697052,0.01953127608604339,0.011014513456925081
2024-09-01,0.020613394112543613,0.022564297211509186,0.025074516169204142,0.0023480127606696852,0.03818092539326006,0.022180135224612492,0.021047792527633925,0.08323763330938833,0.016423419991463094,0.00862794085135093,0.009424467951193246,0.009006584524677626,0.018341899583249645,0.020976502914311825,0.020371533912222586,0.0002481975209253622,0.01567001996957049,0.005869045846962214,0.02088949766744985,0.01578539308220066
2024-10-01,0.02922057521417774,0.032780911869390764,0.03553598069951097,0.0027398410257033056,0.033458433052356504,0.02630129149861993,0.028293177625839785,0.09337905672393072,0.013221471516609738,0.003416090167096033,0.015750311927949855,0.014496948470612909,0.025357112163704516,0.027766344244094524,0.025785518797187438,0.012276291922903587,0.027911095690090808,0.0012571543819474666,0.02920026165158679,0.016805557111364423
2024-11-01,0.027194322604928337,0.029004358356225415,0.046111867470439015,0.006260817431590408,0.04242276251083104,0.016181367066689958,0.017273320170832825,0.1047794512577182,0.01624323256918392,0.011656364270520114,0.014319482100302938,0.01461466280531356,0.033883754735460625,0.02939556683103062,0.027634698900086723,0.013006457050297527,0.027749498688056696,0.0071023846427035785,0.0241871801045435,0.016087992338344424
2024-12-01,0.02421935647744101,0.031046651948396772,0.04285200869986766,0.00098742414310131,0.04221049043335769,0.011148997917981117,0.011897013287177311,0.09685830353416383,0.014454324321308283,0.015079220854734477,0.004088805134822854,0.0089013078463156,0.03297175048643988,0.023885274202136805,0.024905965302592207,0.005243709180068757,0.021912587501182607,0.013414854478610053,0.014236070869228932,0.011124937796545628
2025-01-01,0.02507324452184164,0.03348469450895501,0.020672831404239887,-0.00681853071730414,0.031178114069214904,0.00918053264408487,0.012197761275840092,0.09181639182472928,0.008318623535530558,0.009614299936309648,0.0017721573469145794,0.0028890469094558185,0.014771633444001585,0.021034171415877,0.01891282811280928,-0.008359454469146543,0.006499388982806846,0.005669399247089313,0.008978727038059,0.003706908540493799
2025-02-01,0.023584165166621946,0.03752055808540883,0.02085047578824653,-1.6086493366012047e-05,0.039264489441938284,0.012482038707320006,0.005734334800973949,0.06341042548789999,0.013903409394585016,0.006922953609818129,0.006826460568408759,0.007879430707176829,0.01951608456691586,0.02094161469398261,0.01970450031460019,-0.00661627575887008,0.009048043302517404,0.008562382802254957,0.0035498191760546423,0.007187315382638757
2025-03-01,0.026305895404641545,0.016378506261922592,0.004904463551739744,0.0038872210681439776,0.03346821618346092,0.020159461715049842,-0.0011805341015866037,0.04385333772292304,0.019655348607590113,0.00905830174750187,0.004065688972102317,0.000762604076624907,0.008268827549446087,0.011439287109113412,0.013934450159576457,-0.001406346937715671,0.008572142313253005,0.009739474597565074,-0.005321296475780571,0.005071142151896902
2025-04-01,0.022788740644943406,0.007054540219500372,-0.005941743044838785,0.004610672322710935,0.021098892138561427,0.020772761845302124,-0.008061203239089858,0.023911794289579028,0.018807770905332165,0.005371913642584449,0.004268201881117343,0.0016923055167872556,-0.0008017745823540297,0.0034955908589300736,0.006245077446303629,-0.003236711381251655,0.00332249195816026,-0.0005411924843274833,-0.013723489103767205,0.00039774766709703196
2025-05-01,0.020390087744222796,0.006229333145624698,-0.004903727215696506,0.008021577790703047,0.024283351556824,0.020263356120879848,0.0036506042990790463,0.025437188702370096,0.01844584596089535,-0.005382751554885051,0.004394326330046461,0.008964884721358785,0.0012835801681084485,0.007974238816423401,0.009535456054343847,0.001149767529388654,0.0098403213809687,-0.010722005081445937,-0.005270978658637949,0.00015193024843185472
2025-06-01,0.005008104034124924,0.014867003392949857,0.003937527909287984,0.004305077443288902,0.026294122152170554,0.017595356963231473,0.011861898060834753,0.019317695719917215,0.023966110878567655,-0.007685428906162771,0.00666834749428623,0.009761579322255085,0.004284237391431359,0.011791554755368047,0.01073563944676169,-0.004309856434727429,0.012631694289061786,-0.00830557847769265,0.00017885386157178232,-0.006159081291204083
2025-07-01,-8.253941254964502e-05,0.012398886907608318,0.015076702182635604,0.004818984893891414,0.03462051718000418,0.013620377492655355,0.012661945676053402,0.022509291673886996,0.022380636533016602,-0.0011123993083821887,0.010648935807926415,0.013968603326641212,0.010705164635789664,0.014859547202055224,0.01225673643239548,-0.0023388382950868714,0.011003750543466756,-0.0032520042658791617,0.00287350443826272,-0.006129390487384939
2025-08-01,-0.003370001599090037,0.020315474549859228,0.02275454275153409,0.005250713273724903,0.032027373513636985,0.005880587839201072,0.02350653497999125,0.0373871686713031,0.021828905515387482,-0.0005353629536053545,0.01139709475411995,0.010521264072703203,0.0037203289177488398,0.01587204372084751,0.012881793905190033,-0.006563165809004569,0.005755042650209893,-0.0022705848437217825,0.008017463141710509,-0.010748294653336226
2025-09-01,0.004978236561963435,0.021939448586564447,0.01692731646367199,0.0073964753730175106,0.028463376328830843,-0.0014132591576313286,0.01989521381750579,0.0340938259190985,0.01987390263781416,0.0017775412913010012,0.013549269205082136,0.011880968960035092,0.012373815910139502,0.01561247063695345,0.01281007180698723,-0.007723738103961731,0.0032992096257051856,0.0024558448271311036,0.010108431666118103,-0.01029449950855366
2025-10-01,0.012986849207614752,0.015214665586019131,0.018004426741457524,0.012821021721350297,0.03693936863776392,-0.003252939401611921,0.019391950060827053,0.03697684466411797,0.015633254443281473,0.001186222591716622,0.01507659979502757,0.013152415985618046,0.013678965842237493,0.019162815116333234,0.014204997517799389,-0.005131944021048276,-1.3986199659225687e-05,0.004310308791207741,0.01480920498802479,-0.007061648454280582
2025-11-01,0.02057255358336607,0.024699272696830074,0.038307625649939725,0.017962749938684033,0.03111808194612925,0.007430630469372777,0.023520464942115613,0.037401999981520676,0.012476449191444418,0.0026742009900330827,0.021223676087850786,0.018678935466465874,0.01852799859039584,0.023575857153195944,0.01689321958768072,0.0007854172008684873,0.0002978766110684586,0.0029399322167118326,0.021562473662718438,0.0005040955595259934
2025-12-01,0.018211892178022136,0.011121298465098474,0.03080187459801728,0.028379248067111708,0.02153615441649597,0.012170679740814944,0.01572812678888731,0.0241716018219597,0.0015992386477609007,0.0032594968638027014,0.02243817201397622,0.019654544614120577,0.007469617342007464,0.018352848551168643,0.011877581636866228,-0.0014664301833104839,-0.0038290995489796108,-0.0014528206423609637,0.013487554221720285,0.007832332795249109
